UserID,Username,UserType,Region,DeviceType,AccountType,Industry
U0001,Jane_125,full,Delhi,Mobile,Customer,Service Provider
U0002,Raj_350,minimal,,Mobile,Press,
U0003,Maria_242,partial,,Tablet,Integrator,
U0004,Jane_792,partial,,Mobile,Partner,
U0005,Sara_189,full,London,Mobile,Other,Retail Tech
U0006,David_532,full,New York,Desktop,Partner,Retail Tech
U0007,John_130,full,New York,Mobile,Other,Service Provider
U0008,Guest,minimal,,Desktop,Customer,
U0009,Maria_617,partial,,Mobile,Competitor,
U0010,David_127,partial,,Mobile,Other,Government/Military
U0011,Sara_303,full,Mumbai,Mobile,Customer,ASP (Application Service Provider)
U0012,Guest,minimal,,Mobile,Customer,
U0013,Guest,minimal,,Tablet,Competitor,
U0014,David_384,full,Delhi,Mobile,Distributor,Service Provider
U0015,John_877,full,London,Mobile,Partner,Systems Integrator
U0016,Alex_814,full,,Mobile,Supplier,SAAS
U0017,Sam_448,full,Delhi,Mobile,Analyst,
U0018,Raj_259,partial,,Desktop,Analyst,Network Equipment Enterprise
U0019,Maria_881,partial,,Mobile,Supplier,Wireless Industry
U0020,Chen_204,full,Delhi,Desktop,Integrator,Service Provider
U0021,Jane_489,partial,New York,Tablet,Reseller,
U0022,Jane_467,full,Mumbai,Mobile,Integrator,Small/Medium Enterprise
U0023,Chen_718,full,,Tablet,Reseller,Network Equipment Enterprise
U0024,Raj_926,full,,Mobile,Supplier,Network Equipment Enterprise
U0025,John_847,partial,,Mobile,Analyst,
U0026,Chris_649,partial,,Mobile,Investor,
U0027,Jane_487,full,,Desktop,Analyst,Service Provider
U0028,Jane_665,partial,,Tablet,Integrator,MSP (Management Service Provider)
U0029,Raj_949,partial,Mumbai,Mobile,Press,
U0030,David_982,full,London,Desktop,Supplier,Systems Integrator
U0031,Chen_691,partial,Delhi,Mobile,Integrator,
U0032,Maria_821,full,New York,Mobile,Investor,Storage Service Provider
U0033,Jane_146,full,Mumbai,Mobile,Partner,HR Tech
U0034,Guest,minimal,,Tablet,Reseller,
U0035,Guest,minimal,,Desktop,Analyst,
U0036,Guest,minimal,,Mobile,Competitor,
U0037,Jane_489,full,Mumbai,Mobile,Press,Systems Integrator
U0038,Raj_564,full,London,Mobile,Customer,MSP (Management Service Provider)
U0039,Chen_266,partial,Delhi,Mobile,Investor,
U0040,Chen_463,partial,Mumbai,Mobile,Integrator,
U0041,Maria_786,full,Bengaluru,Desktop,Reseller,Small/Medium Enterprise
U0042,Raj_818,partial,London,Mobile,Competitor,Wireless Industry
U0043,Jane_723,full,Mumbai,Mobile,Other,Service Provider
U0044,Guest,minimal,,Mobile,Distributor,
U0045,Maria_267,full,,Desktop,Analyst,Retail
U0046,Chris_488,partial,New York,Desktop,Vendor,
U0047,Raj_755,full,Mumbai,Mobile,Distributor,Storage Service Provider
U0048,Sara_324,partial,,Desktop,Investor,
U0049,Chen_963,partial,,Mobile,Other,
U0050,John_334,full,Delhi,Mobile,Other,Network Equipment Enterprise
U0051,Guest,minimal,,Mobile,Other,
U0052,Chen_510,partial,Bengaluru,Mobile,Customer,
U0053,Raj_167,minimal,,Mobile,Investor,
U0054,Guest,minimal,,Tablet,Vendor,
U0055,Chen_317,partial,,Desktop,Partner,Retail Tech
U0056,Guest,minimal,,Desktop,Distributor,
U0057,Chris_246,full,London,Mobile,Vendor,NBFC
U0058,Raj_242,full,Bengaluru,Mobile,Partner,Retail
U0059,Maria_862,full,Bengaluru,Desktop,Competitor,HR Tech
U0060,Sara_651,full,New York,Mobile,Prospect,Retail Tech
U0061,Raj_864,full,,Mobile,Press,ASP (Application Service Provider)
U0062,David_538,full,,Mobile,Press,IT/ITES
U0063,David_508,minimal,,Desktop,Partner,
U0064,Chen_324,full,Bengaluru,Mobile,Prospect,Non-management ISV
U0065,Alex_621,full,Bengaluru,Mobile,Vendor,Automotive
U0066,Chris_193,partial,,Desktop,Prospect,
U0067,John_981,full,Mumbai,Mobile,Analyst,ASP (Application Service Provider)
U0068,Guest,minimal,,Mobile,Competitor,
U0069,Alex_911,full,Mumbai,Mobile,Investor,ERP (Enterprise Resource Planning)
U0070,Sam_710,minimal,,Mobile,Prospect,
U0071,Jane_494,partial,,Desktop,Integrator,
U0072,Sam_710,full,Mumbai,Mobile,Supplier,Storage Service Provider
U0073,Chris_641,full,Delhi,Mobile,Press,Non-management ISV
U0074,Guest,minimal,,Desktop,Integrator,
U0075,John_796,partial,,Desktop,Competitor,
U0076,Jane_798,partial,Bengaluru,Desktop,Prospect,ASP (Application Service Provider)
U0077,Sara_868,partial,,Mobile,Distributor,
U0078,Raj_887,full,New York,Mobile,Press,Small/Medium Enterprise
U0079,Chen_214,full,Mumbai,Tablet,Analyst,IT/ITES
U0080,Raj_545,full,,Desktop,Reseller,IT/ITES
U0081,Guest,minimal,,Mobile,Analyst,
U0082,John_839,partial,Delhi,Mobile,Supplier,Network Equipment Enterprise
U0083,Raj_612,full,Bengaluru,Mobile,Other,NBFC
U0084,Alex_619,full,,Tablet,Reseller,ASP (Application Service Provider)
U0085,Jane_991,full,,Mobile,Customer,Optical Networking
U0086,Raj_961,full,Bengaluru,Mobile,Prospect,Network Equipment Enterprise
U0087,Sara_723,partial,New York,Mobile,Competitor,BFSI
U0088,Maria_256,partial,,Desktop,Press,
U0089,Guest,minimal,,Desktop,Customer,
U0090,Alex_652,partial,Mumbai,Mobile,Competitor,MSP (Management Service Provider)
U0091,Sara_100,full,,Desktop,Supplier,Optical Networking
U0092,David_431,partial,,Tablet,Partner,
U0093,Chris_119,partial,New York,Mobile,Prospect,ASP (Application Service Provider)
U0094,Jane_471,partial,,Mobile,Investor,
U0095,Raj_345,partial,,Mobile,Investor,Retail
U0096,John_346,partial,,Desktop,Prospect,
U0097,David_180,partial,Mumbai,Mobile,Reseller,
U0098,Jane_849,partial,Delhi,Desktop,Other,
U0099,Chris_935,full,London,Desktop,Other,SAAS
U0100,Jane_878,full,Mumbai,Mobile,Reseller,ManagementISV
U0101,Sara_884,full,Delhi,Tablet,Vendor,Automotive
U0102,Alex_231,partial,,Mobile,Investor,
U0103,Chris_662,full,,Mobile,Distributor,ManagementISV
U0104,Alex_371,partial,,Desktop,Reseller,
U0105,Guest,minimal,,Desktop,Press,
U0106,David_533,full,Delhi,Mobile,Investor,CPAAS
U0107,Maria_652,partial,,Desktop,Distributor,Automotive
U0108,Maria_830,partial,,Tablet,Supplier,
U0109,Raj_508,full,New York,Mobile,Customer,Non-management ISV
U0110,Chen_548,full,Delhi,Tablet,Distributor,Systems Integrator
U0111,Sara_562,full,London,Mobile,Customer,ERP (Enterprise Resource Planning)
U0112,Jane_353,full,Mumbai,Mobile,Competitor,CPAAS
U0113,Guest,minimal,,Mobile,Integrator,
U0114,Guest,minimal,,Desktop,Competitor,
U0115,David_667,partial,New York,Desktop,Investor,
U0116,Guest,minimal,,Mobile,Customer,
U0117,Guest,minimal,,Mobile,Investor,
U0118,Jane_824,full,,Desktop,Reseller,Data/Telecom OEM
U0119,Guest,minimal,,Mobile,Prospect,
U0120,Jane_132,partial,Delhi,Desktop,Press,
U0121,Guest,minimal,,Desktop,Analyst,
U0122,Guest,minimal,,Mobile,Investor,
U0123,Raj_785,full,,Tablet,Press,ManagementISV
U0124,Chris_319,full,London,Mobile,Reseller,CPAAS
U0125,Sara_235,full,New York,Tablet,Distributor,SAAS
U0126,David_690,partial,,Desktop,Reseller,
U0127,Guest,minimal,,Desktop,Supplier,
U0128,Chris_926,minimal,,Mobile,Competitor,
U0129,Sam_294,full,Mumbai,Desktop,Vendor,HR Tech
U0130,Jane_199,partial,,Mobile,Distributor,
U0131,Sam_462,partial,,Mobile,Analyst,CPAAS
U0132,Sam_520,full,Bengaluru,Mobile,Customer,Retail Tech
U0133,Chris_984,full,Delhi,Mobile,Prospect,Government/Military
U0134,John_789,full,Mumbai,Mobile,Press,Automotive
U0135,Jane_162,minimal,,Desktop,Prospect,
U0136,Sam_845,full,Delhi,Desktop,Integrator,Systems Integrator
U0137,Chen_919,partial,,Mobile,Reseller,
U0138,Jane_354,partial,Bengaluru,Desktop,Investor,Government/Military
U0139,Maria_294,full,Bengaluru,Mobile,Customer,
U0140,Guest,minimal,,Desktop,Integrator,
U0141,Guest,minimal,,Desktop,Reseller,
U0142,Alex_385,full,Mumbai,Mobile,Partner,
U0143,Chris_355,partial,,Desktop,Investor,Systems Integrator
U0144,Jane_553,full,New York,Mobile,Distributor,Non-management ISV
U0145,Sara_200,full,Mumbai,Mobile,Competitor,Government/Military
U0146,John_767,full,,Desktop,Press,HR Tech
U0147,Sara_956,partial,London,Mobile,Vendor,
U0148,John_195,partial,,Mobile,Supplier,CPAAS
U0149,Maria_270,full,,Mobile,Analyst,
U0150,Sam_597,full,,Desktop,Analyst,ERP (Enterprise Resource Planning)
U0151,Guest,minimal,,Mobile,Vendor,
U0152,Sam_160,full,London,Mobile,Distributor,Network Equipment Enterprise
U0153,Alex_488,full,New York,Desktop,Other,SAAS
U0154,John_499,partial,,Desktop,Analyst,
U0155,Guest,minimal,,Mobile,Press,
U0156,Chris_392,full,London,Mobile,Distributor,Wireless Industry
U0157,Sam_813,partial,Delhi,Mobile,Customer,
U0158,Sara_777,partial,,Mobile,Analyst,
U0159,Chris_258,full,,Mobile,Prospect,ASP (Application Service Provider)
U0160,Maria_403,partial,,Desktop,Distributor,
U0161,Maria_159,full,London,Desktop,Press,Network Equipment Enterprise
U0162,David_853,partial,,Desktop,Vendor,
U0163,Sara_162,partial,,Mobile,Prospect,
U0164,Chen_158,partial,,Desktop,Investor,
U0165,John_698,full,Delhi,Mobile,Investor,Government/Military
U0166,Guest,minimal,,Tablet,Analyst,
U0167,Sara_261,full,London,Desktop,Prospect,NBFC
U0168,John_620,full,Bengaluru,Mobile,Competitor,Non-management ISV
U0169,Jane_971,full,Delhi,Desktop,Reseller,Storage Equipment
U0170,Alex_170,partial,Mumbai,Mobile,Investor,
U0171,David_169,partial,,Desktop,Competitor,SAAS
U0172,Maria_513,full,,Mobile,Customer,NBFC
U0173,Jane_683,partial,New York,Mobile,Distributor,
U0174,Maria_692,full,Mumbai,Desktop,Reseller,HR Tech
U0175,David_140,partial,New York,Mobile,Integrator,Small/Medium Enterprise
U0176,David_183,full,Bengaluru,Desktop,Press,Service Provider
U0177,Sam_773,partial,,Mobile,Supplier,IT/ITES
U0178,David_678,full,Delhi,Desktop,Distributor,Data/Telecom OEM
U0179,Guest,minimal,,Desktop,Vendor,
U0180,Raj_309,full,Bengaluru,Mobile,Reseller,
U0181,Chen_344,full,,Mobile,Press,SAAS
U0182,Raj_505,full,Mumbai,Mobile,Reseller,Automotive
U0183,Alex_787,minimal,,Mobile,Prospect,
U0184,Guest,minimal,,Mobile,Customer,
U0185,Chen_869,full,Delhi,Desktop,Partner,
U0186,Jane_109,partial,,Tablet,Supplier,
U0187,Guest,minimal,,Desktop,Analyst,
U0188,David_202,partial,Delhi,Desktop,Reseller,BFSI
U0189,Jane_650,partial,Mumbai,Desktop,Press,CPAAS
U0190,Maria_618,full,London,Desktop,Press,ERP (Enterprise Resource Planning)
U0191,Raj_235,full,Delhi,Mobile,Prospect,SAAS
U0192,Chen_170,minimal,,Tablet,Competitor,
U0193,Guest,minimal,,Desktop,Distributor,
U0194,Raj_261,partial,New York,Mobile,Vendor,
U0195,Chris_953,full,Delhi,Mobile,Partner,Storage Service Provider
U0196,Sara_820,full,,Mobile,Other,Systems Integrator
U0197,Raj_726,partial,,Mobile,Analyst,
U0198,Guest,minimal,,Desktop,Integrator,
U0199,Sara_406,minimal,,Mobile,Other,
U0200,Jane_999,partial,Delhi,Mobile,Distributor,
U0201,Alex_370,partial,,Tablet,Analyst,
U0202,Jane_209,full,Delhi,Mobile,Press,NBFC
U0203,Sara_259,full,Delhi,Mobile,Integrator,
U0204,Raj_388,minimal,,Mobile,Reseller,
U0205,David_315,partial,Bengaluru,Desktop,Competitor,
U0206,Chen_308,full,London,Tablet,Partner,HR Tech
U0207,Raj_617,full,New York,Mobile,Reseller,Wireless Industry
U0208,Chris_357,partial,,Desktop,Vendor,
U0209,John_194,full,Mumbai,Mobile,Competitor,NBFC
U0210,Sam_949,full,,Tablet,Customer,HR Tech
U0211,Raj_145,partial,Bengaluru,Desktop,Prospect,
U0212,John_441,partial,Bengaluru,Desktop,Analyst,
U0213,Alex_752,partial,Delhi,Mobile,Reseller,
U0214,Raj_265,full,London,Tablet,Competitor,HR Tech
U0215,Chris_664,partial,,Desktop,Other,Storage Service Provider
U0216,Sam_674,full,Mumbai,Mobile,Prospect,ASP (Application Service Provider)
U0217,John_214,full,Delhi,Desktop,Competitor,Automotive
U0218,Jane_807,partial,,Mobile,Investor,
U0219,Alex_658,partial,,Desktop,Customer,Data/Telecom OEM
U0220,Guest,minimal,,Mobile,Distributor,
U0221,Chen_696,partial,,Desktop,Reseller,
U0222,Sara_251,partial,,Mobile,Vendor,Retail
U0223,Sam_230,full,Bengaluru,Mobile,Partner,IT/ITES
U0224,John_415,full,,Mobile,Customer,Retail Tech
U0225,Chen_915,full,Bengaluru,Mobile,Prospect,Systems Integrator
U0226,John_466,full,New York,Mobile,Investor,Retail Tech
U0227,Guest,minimal,,Mobile,Analyst,
U0228,Maria_782,full,Mumbai,Mobile,Other,Retail
U0229,Jane_462,minimal,,Mobile,Partner,
U0230,Sara_995,partial,Bengaluru,Mobile,Reseller,Retail Tech
U0231,Sam_735,partial,,Desktop,Partner,
U0232,Alex_342,partial,Mumbai,Mobile,Customer,Storage Equipment
U0233,Alex_919,partial,Mumbai,Tablet,Prospect,
U0234,Alex_522,partial,,Desktop,Analyst,
U0235,John_283,full,New York,Desktop,Press,Small/Medium Enterprise
U0236,Chen_901,partial,Mumbai,Mobile,Vendor,
U0237,Sam_921,full,,Desktop,Investor,Storage Equipment
U0238,Maria_373,full,Bengaluru,Mobile,Reseller,Small/Medium Enterprise
U0239,Alex_906,partial,,Mobile,Press,IT/ITES
U0240,Jane_491,full,Delhi,Mobile,Other,Retail
U0241,Guest,minimal,,Desktop,Analyst,
U0242,Guest,minimal,,Mobile,Supplier,
U0243,Guest,minimal,,Mobile,Supplier,
U0244,Chris_458,full,London,Tablet,Analyst,Large Enterprise
U0245,Raj_940,full,London,Desktop,Investor,ManagementISV
U0246,Maria_328,minimal,,Mobile,Integrator,
U0247,John_775,partial,,Mobile,Press,Optical Networking
U0248,Guest,minimal,,Desktop,Competitor,
U0249,Guest,minimal,,Mobile,Partner,
U0250,Guest,minimal,,Mobile,Reseller,
U0251,Raj_459,full,London,Mobile,Integrator,HR Tech
U0252,Sara_509,full,Bengaluru,Tablet,Competitor,Government/Military
U0253,Guest,minimal,,Desktop,Vendor,
U0254,John_218,full,Delhi,Desktop,Prospect,Retail
U0255,Raj_282,full,New York,Desktop,Reseller,ERP (Enterprise Resource Planning)
U0256,David_371,partial,Bengaluru,Mobile,Reseller,
U0257,Guest,minimal,,Mobile,Supplier,
U0258,David_544,partial,Bengaluru,Mobile,Investor,
U0259,Chen_846,partial,Delhi,Mobile,Prospect,
U0260,Chen_546,full,New York,Mobile,Partner,Network Equipment Enterprise
U0261,David_623,partial,Mumbai,Desktop,Distributor,
U0262,Jane_494,minimal,,Desktop,Competitor,
U0263,David_294,full,Mumbai,Desktop,Supplier,IT/ITES
U0264,Raj_145,partial,Bengaluru,Mobile,Reseller,
U0265,Guest,minimal,,Desktop,Integrator,
U0266,Sara_925,partial,Delhi,Desktop,Supplier,Network Equipment Enterprise
U0267,Sara_803,partial,,Mobile,Competitor,HR Tech
U0268,Maria_472,partial,Bengaluru,Desktop,Competitor,Optical Networking
U0269,Sam_171,full,New York,Mobile,Investor,Large Enterprise
U0270,Chen_738,full,Mumbai,Mobile,Reseller,
U0271,Guest,minimal,,Mobile,Prospect,
U0272,Guest,minimal,,Mobile,Press,
U0273,Raj_619,minimal,,Mobile,Vendor,
U0274,Guest,minimal,,Desktop,Distributor,
U0275,Sam_434,partial,,Tablet,Investor,SAAS
U0276,Sam_813,partial,,Desktop,Other,
U0277,Raj_667,partial,,Desktop,Vendor,
U0278,Alex_296,partial,,Mobile,Reseller,Large Enterprise
U0279,Sam_780,partial,,Desktop,Investor,Non-management ISV
U0280,Sam_793,partial,,Mobile,Partner,
U0281,Alex_730,minimal,,Mobile,Distributor,
U0282,David_408,full,London,Mobile,Supplier,ASP (Application Service Provider)
U0283,Sam_661,full,New York,Mobile,Analyst,Network Equipment Enterprise
U0284,John_411,full,Delhi,Mobile,Other,CPAAS
U0285,Raj_315,partial,Mumbai,Mobile,Customer,
U0286,Sam_904,full,Bengaluru,Mobile,Investor,NBFC
U0287,David_721,partial,,Tablet,Competitor,
U0288,Chen_576,partial,,Mobile,Press,
U0289,Chris_552,full,Delhi,Mobile,Analyst,
U0290,Maria_623,partial,,Mobile,Investor,Service Provider
U0291,Chris_912,full,Mumbai,Desktop,Investor,Network Equipment Enterprise
U0292,Alex_774,full,Delhi,Mobile,Integrator,Automotive
U0293,Jane_390,minimal,,Mobile,Vendor,
U0294,Sara_779,full,New York,Mobile,Integrator,Non-management ISV
U0295,David_443,full,London,Mobile,Analyst,MSP (Management Service Provider)
U0296,Jane_938,partial,,Mobile,Prospect,
U0297,Maria_788,partial,Delhi,Mobile,Supplier,Retail
U0298,Raj_330,full,Delhi,Mobile,Integrator,SAAS
U0299,Maria_250,partial,New York,Mobile,Competitor,Storage Equipment
U0300,John_147,full,London,Mobile,Other,Data/Telecom OEM
U0301,Maria_586,full,Delhi,Desktop,Customer,HR Tech
U0302,David_970,partial,,Mobile,Vendor,
U0303,Jane_566,partial,Delhi,Mobile,Distributor,
U0304,Sam_744,partial,Bengaluru,Mobile,Customer,
U0305,David_299,partial,,Tablet,Customer,
U0306,Guest,minimal,,Mobile,Distributor,
U0307,Sam_349,partial,,Mobile,Integrator,Automotive
U0308,Alex_771,full,London,Desktop,Analyst,Network Equipment Enterprise
U0309,John_868,partial,,Mobile,Distributor,
U0310,Jane_897,full,London,Mobile,Supplier,Storage Equipment
U0311,Sam_324,partial,Delhi,Mobile,Supplier,ASP (Application Service Provider)
U0312,Alex_923,full,,Desktop,Reseller,ASP (Application Service Provider)
U0313,Sara_575,full,Bengaluru,Mobile,Partner,IT/ITES
U0314,Guest,minimal,,Desktop,Prospect,
U0315,Guest,minimal,,Tablet,Other,
U0316,Jane_567,partial,,Mobile,Press,
U0317,Alex_920,partial,,Mobile,Integrator,
U0318,Chris_783,full,London,Mobile,Vendor,Storage Equipment
U0319,Sara_672,full,Delhi,Mobile,Prospect,Systems Integrator
U0320,David_424,full,Delhi,Mobile,Distributor,Automotive
U0321,Chris_727,partial,,Tablet,Partner,
U0322,Sara_536,partial,,Desktop,Press,
U0323,Sara_556,partial,,Desktop,Vendor,
U0324,Alex_861,full,Mumbai,Mobile,Other,Storage Service Provider
U0325,Guest,minimal,,Desktop,Other,
U0326,Raj_869,partial,,Tablet,Integrator,
U0327,Maria_960,partial,Delhi,Desktop,Distributor,Systems Integrator
U0328,Raj_884,partial,London,Mobile,Prospect,Systems Integrator
U0329,Sara_596,partial,,Desktop,Analyst,
U0330,Maria_381,full,Bengaluru,Mobile,Prospect,
U0331,Chris_179,full,New York,Mobile,Prospect,Service Provider
U0332,Raj_340,partial,,Mobile,Other,Systems Integrator
U0333,Raj_443,full,Mumbai,Desktop,Analyst,ManagementISV
U0334,Chen_653,full,,Desktop,Analyst,Systems Integrator
U0335,Jane_241,full,,Mobile,Integrator,Storage Service Provider
U0336,Alex_336,full,New York,Mobile,Vendor,Small/Medium Enterprise
U0337,Guest,minimal,,Mobile,Press,
U0338,Alex_823,partial,,Mobile,Investor,
U0339,Maria_165,partial,Delhi,Mobile,Customer,
U0340,Sam_517,full,Delhi,Mobile,Vendor,Small/Medium Enterprise
U0341,Chen_655,partial,,Desktop,Customer,
U0342,Chris_525,partial,Bengaluru,Mobile,Other,Storage Equipment
U0343,John_311,full,,Mobile,Investor,Network Equipment Enterprise
U0344,Sam_498,partial,London,Mobile,Press,
U0345,David_812,full,London,Tablet,Investor,Automotive
U0346,John_977,partial,Bengaluru,Desktop,Integrator,
U0347,David_489,partial,Mumbai,Desktop,Prospect,
U0348,Chris_106,full,Mumbai,Mobile,Other,Retail
U0349,Chen_405,full,,Mobile,Analyst,SAAS
U0350,Sam_973,partial,,Mobile,Supplier,ERP (Enterprise Resource Planning)
U0351,Sam_651,partial,,Desktop,Other,ManagementISV
U0352,Guest,minimal,,Tablet,Customer,
U0353,David_325,partial,Bengaluru,Desktop,Press,
U0354,Chris_324,full,London,Desktop,Investor,
U0355,Raj_546,full,Bengaluru,Desktop,Press,Systems Integrator
U0356,Chris_129,partial,,Mobile,Vendor,
U0357,Sam_444,full,,Tablet,Integrator,IT/ITES
U0358,Sam_841,partial,,Mobile,Other,
U0359,Guest,minimal,,Mobile,Vendor,
U0360,Chris_230,partial,,Mobile,Distributor,
U0361,David_646,full,,Mobile,Other,Large Enterprise
U0362,John_503,partial,Mumbai,Mobile,Vendor,
U0363,David_677,partial,New York,Mobile,Analyst,Retail Tech
U0364,John_185,partial,,Mobile,Other,ManagementISV
U0365,Sam_238,minimal,,Mobile,Partner,
U0366,Chris_286,full,Delhi,Mobile,Integrator,Wireless Industry
U0367,Guest,minimal,,Mobile,Competitor,
U0368,Guest,minimal,,Mobile,Integrator,
U0369,Maria_565,full,Delhi,Mobile,Investor,Systems Integrator
U0370,Chen_445,full,Mumbai,Desktop,Supplier,IT/ITES
U0371,Sam_384,full,,Desktop,Competitor,Small/Medium Enterprise
U0372,Sam_358,full,Delhi,Desktop,Investor,Small/Medium Enterprise
U0373,Jane_581,full,,Desktop,Investor,Service Provider
U0374,John_867,partial,,Mobile,Analyst,
U0375,Sara_153,full,Mumbai,Desktop,Analyst,NBFC
U0376,Chen_329,full,,Mobile,Reseller,HR Tech
U0377,Guest,minimal,,Mobile,Prospect,
U0378,John_872,full,Bengaluru,Desktop,Customer,CPAAS
U0379,John_353,minimal,,Mobile,Prospect,
U0380,Maria_959,full,New York,Desktop,Prospect,Storage Equipment
U0381,John_736,full,Delhi,Desktop,Supplier,NBFC
U0382,Alex_344,partial,Mumbai,Desktop,Customer,
U0383,Alex_584,partial,,Tablet,Distributor,
U0384,Guest,minimal,,Mobile,Competitor,
U0385,Maria_576,partial,New York,Mobile,Press,
U0386,Guest,minimal,,Mobile,Prospect,
U0387,Chen_271,full,London,Mobile,Supplier,Government/Military
U0388,David_721,full,Delhi,Desktop,Reseller,ERP (Enterprise Resource Planning)
U0389,Jane_896,partial,,Desktop,Other,
U0390,Guest,minimal,,Desktop,Other,
U0391,Guest,minimal,,Mobile,Investor,
U0392,John_419,partial,Delhi,Mobile,Customer,
U0393,David_793,full,Delhi,Mobile,Investor,SAAS
U0394,Sam_506,partial,Bengaluru,Mobile,Supplier,Systems Integrator
U0395,Maria_177,full,Mumbai,Desktop,Partner,MSP (Management Service Provider)
U0396,David_807,minimal,,Mobile,Partner,
U0397,Guest,minimal,,Mobile,Reseller,
U0398,Raj_970,partial,Mumbai,Mobile,Vendor,ASP (Application Service Provider)
U0399,David_924,partial,,Desktop,Press,
U0400,Jane_915,partial,London,Desktop,Analyst,
U0401,David_901,full,Delhi,Mobile,Analyst,Service Provider
U0402,Guest,minimal,,Mobile,Customer,
U0403,Sara_538,partial,Delhi,Mobile,Customer,
U0404,Chen_170,minimal,,Mobile,Prospect,
U0405,Sara_763,full,New York,Desktop,Partner,Large Enterprise
U0406,Guest,minimal,,Desktop,Prospect,
U0407,Sam_942,full,London,Mobile,Analyst,Storage Equipment
U0408,Chris_208,full,London,Mobile,Vendor,Storage Equipment
U0409,Sam_470,minimal,,Tablet,Competitor,
U0410,Chris_824,full,,Mobile,Competitor,Network Equipment Enterprise
U0411,Alex_545,full,Mumbai,Desktop,Customer,Storage Service Provider
U0412,Guest,minimal,,Mobile,Vendor,
U0413,Guest,minimal,,Mobile,Investor,
U0414,Raj_730,partial,Delhi,Mobile,Analyst,
U0415,Sara_893,partial,,Mobile,Competitor,
U0416,Chris_576,partial,,Tablet,Vendor,Service Provider
U0417,Sam_945,full,Delhi,Mobile,Vendor,Data/Telecom OEM
U0418,David_374,full,Delhi,Mobile,Analyst,ERP (Enterprise Resource Planning)
U0419,Chen_972,partial,Bengaluru,Mobile,Integrator,Automotive
U0420,Maria_950,partial,,Mobile,Vendor,
U0421,Jane_385,partial,Mumbai,Mobile,Vendor,SAAS
U0422,Chris_349,partial,Bengaluru,Mobile,Other,
U0423,Chris_683,full,Delhi,Desktop,Partner,Optical Networking
U0424,David_784,partial,Delhi,Mobile,Prospect,Non-management ISV
U0425,Sam_444,full,,Mobile,Analyst,MSP (Management Service Provider)
U0426,John_606,partial,,Tablet,Other,
U0427,Chen_286,partial,,Mobile,Vendor,Data/Telecom OEM
U0428,Guest,minimal,,Tablet,Integrator,
U0429,Chen_916,full,New York,Mobile,Prospect,MSP (Management Service Provider)
U0430,Raj_448,full,,Desktop,Analyst,SAAS
U0431,Raj_710,full,Bengaluru,Desktop,Customer,NBFC
U0432,Raj_669,partial,,Desktop,Other,CPAAS
U0433,John_629,partial,,Tablet,Prospect,MSP (Management Service Provider)
U0434,Maria_187,full,New York,Mobile,Analyst,BFSI
U0435,Maria_837,full,Delhi,Tablet,Other,IT/ITES
U0436,Sam_600,partial,Delhi,Mobile,Integrator,Storage Service Provider
U0437,Sara_876,full,Mumbai,Mobile,Analyst,ERP (Enterprise Resource Planning)
U0438,Guest,minimal,,Mobile,Analyst,
U0439,Chris_761,partial,Mumbai,Mobile,Analyst,
U0440,Chris_558,full,New York,Mobile,Reseller,Wireless Industry
U0441,John_195,full,,Mobile,Press,Wireless Industry
U0442,Guest,minimal,,Mobile,Reseller,
U0443,Sam_808,full,New York,Desktop,Vendor,Retail
U0444,Maria_413,full,Bengaluru,Desktop,Customer,MSP (Management Service Provider)
U0445,Guest,minimal,,Mobile,Vendor,
U0446,Guest,minimal,,Mobile,Integrator,
U0447,Sara_452,minimal,,Mobile,Reseller,
U0448,Sam_863,partial,,Mobile,Prospect,
U0449,Sara_438,full,,Mobile,Supplier,Large Enterprise
U0450,Chen_819,full,New York,Mobile,Press,ManagementISV
U0451,Chris_377,partial,Bengaluru,Mobile,Investor,
U0452,Raj_357,partial,,Tablet,Supplier,
U0453,Maria_223,partial,,Mobile,Press,
U0454,Guest,minimal,,Mobile,Partner,
U0455,Jane_860,full,Delhi,Mobile,Partner,Government/Military
U0456,Sara_880,partial,,Mobile,Analyst,HR Tech
U0457,Alex_296,full,New York,Mobile,Vendor,ManagementISV
U0458,Maria_856,partial,New York,Desktop,Press,
U0459,Chris_383,full,Mumbai,Mobile,Investor,Wireless Industry
U0460,David_878,full,New York,Mobile,Press,Storage Equipment
U0461,Sara_711,full,Mumbai,Tablet,Customer,Network Equipment Enterprise
U0462,Raj_202,partial,New York,Desktop,Supplier,
U0463,Maria_403,partial,,Desktop,Customer,Non-management ISV
U0464,Maria_469,partial,New York,Mobile,Investor,
U0465,Guest,minimal,,Desktop,Press,
U0466,John_825,full,Delhi,Mobile,Other,Retail Tech
U0467,Sara_229,full,,Mobile,Vendor,ManagementISV
U0468,Guest,minimal,,Mobile,Customer,
U0469,John_666,full,,Mobile,Customer,SAAS
U0470,Raj_814,minimal,,Mobile,Competitor,
U0471,Alex_753,full,New York,Mobile,Press,BFSI
U0472,Guest,minimal,,Tablet,Vendor,
U0473,John_687,full,,Tablet,Customer,Optical Networking
U0474,Guest,minimal,,Desktop,Reseller,
U0475,Chris_551,partial,Mumbai,Mobile,Integrator,Government/Military
U0476,Guest,minimal,,Desktop,Press,
U0477,John_358,full,London,Mobile,Partner,Systems Integrator
U0478,Chris_216,partial,London,Desktop,Competitor,
U0479,Jane_510,minimal,,Mobile,Customer,
U0480,Chris_175,partial,Bengaluru,Desktop,Competitor,
U0481,David_744,partial,London,Mobile,Partner,Automotive
U0482,John_255,partial,,Desktop,Investor,SAAS
U0483,Alex_930,partial,Bengaluru,Tablet,Investor,
U0484,David_411,partial,,Mobile,Supplier,
U0485,Jane_354,partial,Mumbai,Mobile,Press,Automotive
U0486,Guest,minimal,,Tablet,Partner,
U0487,Sam_720,full,Mumbai,Mobile,Distributor,Retail Tech
U0488,David_909,full,New York,Desktop,Supplier,Automotive
U0489,Guest,minimal,,Mobile,Distributor,
U0490,Guest,minimal,,Mobile,Press,
U0491,Chris_553,partial,Mumbai,Mobile,Analyst,Optical Networking
U0492,Raj_980,partial,,Mobile,Vendor,Service Provider
U0493,David_539,full,Mumbai,Desktop,Competitor,BFSI
U0494,Raj_682,full,Delhi,Mobile,Competitor,ERP (Enterprise Resource Planning)
U0495,David_161,partial,,Mobile,Vendor,Non-management ISV
U0496,David_857,full,New York,Mobile,Vendor,NBFC
U0497,Jane_881,partial,,Mobile,Investor,HR Tech
U0498,Maria_740,full,Bengaluru,Desktop,Distributor,Small/Medium Enterprise
U0499,Guest,minimal,,Tablet,Vendor,
U0500,Jane_260,minimal,,Mobile,Reseller,
U0501,Maria_277,partial,,Desktop,Prospect,
U0502,Sara_176,partial,,Desktop,Vendor,Non-management ISV
U0503,Alex_102,full,Delhi,Mobile,Customer,Non-management ISV
U0504,Guest,minimal,,Tablet,Customer,
U0505,David_581,partial,Mumbai,Mobile,Customer,BFSI
U0506,Raj_133,full,Mumbai,Mobile,Investor,CPAAS
U0507,Guest,minimal,,Desktop,Partner,
U0508,Guest,minimal,,Mobile,Reseller,
U0509,Guest,minimal,,Desktop,Other,
U0510,Maria_370,partial,,Desktop,Distributor,
U0511,David_777,partial,London,Mobile,Reseller,
U0512,Maria_535,partial,London,Desktop,Supplier,
U0513,Guest,minimal,,Mobile,Distributor,
U0514,Guest,minimal,,Mobile,Reseller,
U0515,Alex_372,full,Delhi,Desktop,Prospect,SAAS
U0516,Alex_173,full,Delhi,Tablet,Reseller,Storage Service Provider
U0517,John_269,full,New York,Mobile,Reseller,Storage Equipment
U0518,Guest,minimal,,Mobile,Reseller,
U0519,Guest,minimal,,Desktop,Competitor,
U0520,Chris_227,full,,Desktop,Analyst,Small/Medium Enterprise
U0521,Chris_805,partial,Delhi,Desktop,Press,BFSI
U0522,Raj_816,full,,Mobile,Supplier,IT/ITES
U0523,Guest,minimal,,Mobile,Supplier,
U0524,Guest,minimal,,Mobile,Competitor,
U0525,Guest,minimal,,Desktop,Vendor,
U0526,Jane_712,partial,Mumbai,Mobile,Partner,
U0527,John_542,partial,,Mobile,Press,IT/ITES
U0528,Chen_718,full,Mumbai,Tablet,Distributor,Small/Medium Enterprise
U0529,Raj_126,full,London,Mobile,Partner,ERP (Enterprise Resource Planning)
U0530,Jane_334,minimal,,Tablet,Press,
U0531,David_701,minimal,,Desktop,Prospect,
U0532,John_883,minimal,,Desktop,Prospect,
U0533,Guest,minimal,,Mobile,Integrator,
U0534,John_881,partial,Mumbai,Mobile,Vendor,ERP (Enterprise Resource Planning)
U0535,Alex_581,partial,,Desktop,Other,
U0536,Sara_767,minimal,,Desktop,Prospect,
U0537,Guest,minimal,,Desktop,Distributor,
U0538,Alex_699,full,New York,Mobile,Analyst,Retail
U0539,Sam_750,partial,,Desktop,Customer,Automotive
U0540,Chris_193,full,Bengaluru,Desktop,Integrator,Service Provider
U0541,Guest,minimal,,Desktop,Customer,
U0542,Sam_441,partial,Delhi,Desktop,Supplier,HR Tech
U0543,Chen_786,full,New York,Desktop,Vendor,Systems Integrator
U0544,Jane_978,partial,Mumbai,Desktop,Reseller,Data/Telecom OEM
U0545,Alex_437,partial,,Mobile,Other,NBFC
U0546,Sam_810,full,Bengaluru,Mobile,Supplier,IT/ITES
U0547,Chris_395,full,London,Mobile,Press,BFSI
U0548,Sam_933,partial,New York,Mobile,Supplier,Wireless Industry
U0549,Sara_137,partial,Delhi,Mobile,Investor,Automotive
U0550,Chris_190,partial,New York,Mobile,Vendor,
U0551,Chen_358,partial,,Mobile,Prospect,
U0552,Chen_218,minimal,,Mobile,Analyst,
U0553,Sam_985,partial,London,Desktop,Other,
U0554,Sara_944,partial,,Tablet,Customer,
U0555,John_773,minimal,,Mobile,Integrator,
U0556,Sara_573,partial,,Tablet,Prospect,Retail
U0557,Sam_155,full,New York,Mobile,Distributor,
U0558,Maria_630,full,Bengaluru,Mobile,Prospect,Storage Service Provider
U0559,Chen_737,partial,London,Mobile,Integrator,
U0560,Chris_740,partial,,Mobile,Integrator,
U0561,Chris_878,partial,,Desktop,Investor,
U0562,John_308,full,Mumbai,Desktop,Prospect,Optical Networking
U0563,Raj_662,full,London,Mobile,Supplier,Storage Equipment
U0564,Alex_394,full,Mumbai,Mobile,Prospect,Storage Equipment
U0565,Chris_815,full,London,Mobile,Vendor,Storage Service Provider
U0566,Chris_224,partial,,Mobile,Vendor,BFSI
U0567,John_745,full,New York,Mobile,Reseller,NBFC
U0568,David_918,partial,Delhi,Mobile,Investor,Service Provider
U0569,Guest,minimal,,Desktop,Partner,
U0570,Alex_418,full,Bengaluru,Tablet,Partner,MSP (Management Service Provider)
U0571,Sara_114,partial,,Mobile,Reseller,
U0572,Sara_517,partial,,Tablet,Press,
U0573,Jane_330,full,London,Mobile,Partner,
U0574,Jane_572,partial,,Mobile,Vendor,
U0575,Jane_763,minimal,,Mobile,Reseller,
U0576,Guest,minimal,,Desktop,Competitor,
U0577,Raj_621,full,Delhi,Tablet,Supplier,Storage Equipment
U0578,Guest,minimal,,Desktop,Prospect,
U0579,Chris_583,partial,New York,Mobile,Supplier,Small/Medium Enterprise
U0580,Maria_567,full,Bengaluru,Desktop,Reseller,Network Equipment Enterprise
U0581,Sara_248,partial,,Mobile,Analyst,
U0582,Guest,minimal,,Desktop,Prospect,
U0583,David_620,partial,,Mobile,Competitor,Optical Networking
U0584,Alex_984,full,Bengaluru,Mobile,Competitor,Systems Integrator
U0585,Jane_382,partial,,Mobile,Supplier,Systems Integrator
U0586,Sam_448,full,Delhi,Desktop,Customer,SAAS
U0587,Sara_373,full,New York,Mobile,Prospect,Government/Military
U0588,John_389,full,Bengaluru,Desktop,Other,Retail
U0589,Raj_957,full,Bengaluru,Mobile,Competitor,Network Equipment Enterprise
U0590,David_693,full,London,Desktop,Analyst,Large Enterprise
U0591,Chris_986,full,New York,Desktop,Investor,
U0592,Alex_557,partial,,Desktop,Press,Storage Service Provider
U0593,Sara_595,full,Delhi,Mobile,Customer,Government/Military
U0594,Chen_440,full,Delhi,Mobile,Investor,Automotive
U0595,Guest,minimal,,Mobile,Customer,
U0596,Sara_486,partial,New York,Desktop,Vendor,
U0597,Chris_429,partial,,Mobile,Analyst,Large Enterprise
U0598,Maria_814,full,Delhi,Mobile,Vendor,HR Tech
U0599,Maria_685,full,Delhi,Mobile,Supplier,Storage Service Provider
U0600,Sam_339,full,,Mobile,Integrator,Small/Medium Enterprise
U0601,Sam_144,full,Delhi,Desktop,Prospect,BFSI
U0602,Chen_862,full,Mumbai,Mobile,Vendor,MSP (Management Service Provider)
U0603,Chris_822,full,Mumbai,Desktop,Reseller,Service Provider
U0604,Sam_495,full,Mumbai,Mobile,Distributor,Retail Tech
U0605,Alex_607,full,Delhi,Mobile,Other,Large Enterprise
U0606,John_229,partial,Bengaluru,Mobile,Investor,
U0607,Sara_704,full,Delhi,Mobile,Prospect,Storage Equipment
U0608,Chen_990,full,London,Mobile,Other,Government/Military
U0609,Jane_995,partial,Mumbai,Desktop,Integrator,
U0610,Chris_202,partial,Bengaluru,Mobile,Distributor,
U0611,Sara_567,full,,Desktop,Other,Retail Tech
U0612,John_839,partial,,Mobile,Other,CPAAS
U0613,Alex_519,partial,Bengaluru,Mobile,Investor,Service Provider
U0614,Alex_176,full,Mumbai,Desktop,Partner,BFSI
U0615,Chris_900,minimal,,Mobile,Distributor,
U0616,Guest,minimal,,Mobile,Prospect,
U0617,David_809,full,,Mobile,Integrator,HR Tech
U0618,Sam_765,full,New York,Mobile,Distributor,Retail Tech
U0619,Jane_972,minimal,,Desktop,Supplier,
U0620,Chen_972,partial,,Mobile,Analyst,
U0621,Sara_489,full,Bengaluru,Desktop,Supplier,ManagementISV
U0622,Chen_741,full,Delhi,Desktop,Partner,Government/Military
U0623,Chris_993,full,New York,Mobile,Analyst,Data/Telecom OEM
U0624,Sara_136,partial,,Tablet,Integrator,
U0625,David_170,partial,,Mobile,Investor,
U0626,Maria_746,full,New York,Tablet,Investor,Wireless Industry
U0627,Raj_332,partial,Mumbai,Mobile,Vendor,Large Enterprise
U0628,Jane_544,partial,,Desktop,Integrator,Automotive
U0629,Jane_878,full,Delhi,Mobile,Customer,Government/Military
U0630,Jane_554,full,Bengaluru,Mobile,Integrator,Service Provider
U0631,Alex_810,partial,London,Desktop,Supplier,CPAAS
U0632,Raj_129,minimal,,Desktop,Partner,
U0633,John_432,partial,,Mobile,Competitor,
U0634,John_400,partial,London,Mobile,Investor,
U0635,Chen_483,full,,Desktop,Press,Optical Networking
U0636,Sam_249,partial,Mumbai,Desktop,Partner,Automotive
U0637,Maria_643,partial,,Tablet,Reseller,
U0638,Sam_679,full,Delhi,Desktop,Partner,Automotive
U0639,Alex_274,full,,Tablet,Partner,Retail Tech
U0640,Alex_180,full,,Desktop,Vendor,Retail Tech
U0641,David_991,full,Bengaluru,Mobile,Other,Storage Equipment
U0642,Sam_734,full,London,Mobile,Partner,Government/Military
U0643,Maria_609,full,Bengaluru,Desktop,Vendor,Non-management ISV
U0644,David_246,full,New York,Desktop,Investor,MSP (Management Service Provider)
U0645,Maria_572,full,Delhi,Mobile,Competitor,CPAAS
U0646,Guest,minimal,,Mobile,Competitor,
U0647,Raj_782,partial,Delhi,Tablet,Partner,ManagementISV
U0648,John_923,partial,London,Mobile,Reseller,
U0649,Chris_394,partial,London,Mobile,Analyst,
U0650,Sara_261,partial,London,Mobile,Investor,Storage Equipment
U0651,Jane_552,full,Delhi,Mobile,Vendor,Storage Equipment
U0652,Chen_701,partial,Mumbai,Mobile,Investor,IT/ITES
U0653,Raj_754,partial,Mumbai,Mobile,Reseller,
U0654,Sam_806,partial,Mumbai,Mobile,Distributor,Non-management ISV
U0655,Raj_567,partial,Delhi,Desktop,Supplier,
U0656,Raj_303,full,,Mobile,Reseller,Wireless Industry
U0657,Sam_973,full,New York,Desktop,Vendor,Wireless Industry
U0658,Chris_209,full,Mumbai,Desktop,Reseller,Large Enterprise
U0659,Maria_490,partial,,Mobile,Vendor,Retail Tech
U0660,David_467,partial,Bengaluru,Desktop,Prospect,HR Tech
U0661,David_402,full,New York,Mobile,Customer,Optical Networking
U0662,Guest,minimal,,Desktop,Vendor,
U0663,Sam_381,partial,,Mobile,Reseller,Automotive
U0664,John_679,full,Bengaluru,Desktop,Customer,
U0665,John_720,full,,Desktop,Vendor,Government/Military
U0666,Chris_952,full,,Mobile,Vendor,NBFC
U0667,Raj_894,full,Mumbai,Mobile,Analyst,Data/Telecom OEM
U0668,Maria_721,full,,Desktop,Customer,Service Provider
U0669,Chen_324,full,Delhi,Desktop,Distributor,BFSI
U0670,Maria_735,full,London,Mobile,Reseller,Non-management ISV
U0671,Raj_794,full,Mumbai,Desktop,Reseller,BFSI
U0672,Guest,minimal,,Mobile,Integrator,
U0673,Jane_742,full,,Desktop,Customer,Government/Military
U0674,John_416,partial,,Mobile,Investor,CPAAS
U0675,Chris_134,partial,,Desktop,Reseller,BFSI
U0676,Guest,minimal,,Mobile,Supplier,
U0677,Alex_192,full,Delhi,Mobile,Integrator,IT/ITES
U0678,Raj_434,full,Bengaluru,Mobile,Customer,Retail
U0679,Guest,minimal,,Mobile,Investor,
U0680,Guest,minimal,,Mobile,Investor,
U0681,Guest,minimal,,Mobile,Partner,
U0682,Chen_643,full,,Desktop,Competitor,Retail Tech
U0683,Sara_379,full,New York,Mobile,Analyst,BFSI
U0684,Alex_363,partial,London,Mobile,Distributor,
U0685,Guest,minimal,,Mobile,Other,
U0686,Raj_864,partial,,Mobile,Reseller,
U0687,Chen_923,partial,,Mobile,Prospect,
U0688,Jane_579,full,Bengaluru,Mobile,Customer,Storage Service Provider
U0689,Jane_244,partial,,Mobile,Customer,
U0690,Maria_980,full,London,Mobile,Integrator,Small/Medium Enterprise
U0691,Sam_966,full,Delhi,Mobile,Integrator,MSP (Management Service Provider)
U0692,Sara_474,partial,Bengaluru,Mobile,Vendor,
U0693,Jane_909,partial,,Mobile,Prospect,
U0694,Sam_114,full,Delhi,Mobile,Customer,SAAS
U0695,Raj_649,full,Mumbai,Tablet,Press,ASP (Application Service Provider)
U0696,Jane_565,partial,,Mobile,Distributor,
U0697,Chen_788,full,Delhi,Desktop,Vendor,HR Tech
U0698,Raj_698,partial,,Mobile,Vendor,Retail
U0699,Sam_942,full,,Desktop,Customer,Government/Military
U0700,Chen_210,partial,Bengaluru,Desktop,Reseller,
U0701,Maria_582,partial,,Mobile,Competitor,
U0702,John_734,full,Bengaluru,Tablet,Prospect,Storage Equipment
U0703,Sara_435,full,Mumbai,Mobile,Vendor,Wireless Industry
U0704,David_326,full,Bengaluru,Mobile,Reseller,NBFC
U0705,Jane_750,full,Bengaluru,Desktop,Press,Systems Integrator
U0706,Guest,minimal,,Desktop,Distributor,
U0707,Raj_764,full,New York,Mobile,Customer,Optical Networking
U0708,Guest,minimal,,Mobile,Other,
U0709,Alex_146,full,New York,Mobile,Partner,Storage Equipment
U0710,John_411,partial,New York,Mobile,Reseller,Retail
U0711,Chris_218,partial,Delhi,Desktop,Competitor,
U0712,Jane_340,partial,,Mobile,Other,MSP (Management Service Provider)
U0713,Sara_238,partial,,Mobile,Supplier,Data/Telecom OEM
U0714,Sam_564,partial,,Mobile,Integrator,
U0715,Chen_786,full,Delhi,Mobile,Reseller,SAAS
U0716,Sara_529,minimal,,Mobile,Integrator,
U0717,David_860,minimal,,Desktop,Customer,
U0718,Alex_524,minimal,,Tablet,Integrator,
U0719,Jane_953,full,,Desktop,Supplier,
U0720,Chris_730,partial,Mumbai,Mobile,Competitor,Optical Networking
U0721,Sam_386,minimal,,Desktop,Distributor,
U0722,John_806,full,Delhi,Desktop,Investor,Wireless Industry
U0723,Chen_322,full,Mumbai,Desktop,Analyst,Optical Networking
U0724,Chris_555,partial,,Mobile,Prospect,
U0725,Maria_975,partial,,Mobile,Distributor,
U0726,Guest,minimal,,Mobile,Investor,
U0727,Chen_657,full,Bengaluru,Mobile,Press,NBFC
U0728,Chen_162,partial,,Mobile,Reseller,
U0729,Sam_382,full,London,Mobile,Reseller,BFSI
U0730,Maria_225,full,New York,Mobile,Vendor,Systems Integrator
U0731,Chris_193,full,Mumbai,Desktop,Competitor,Automotive
U0732,Guest,minimal,,Mobile,Reseller,
U0733,David_121,partial,Bengaluru,Mobile,Other,
U0734,John_905,partial,Bengaluru,Tablet,Investor,Storage Service Provider
U0735,Chen_349,full,Delhi,Tablet,Competitor,Data/Telecom OEM
U0736,Alex_905,minimal,,Desktop,Partner,
U0737,David_310,full,Bengaluru,Tablet,Other,Retail Tech
U0738,Guest,minimal,,Mobile,Reseller,
U0739,Sara_312,partial,,Tablet,Integrator,
U0740,David_321,full,Bengaluru,Mobile,Supplier,BFSI
U0741,Maria_436,partial,,Mobile,Integrator,BFSI
U0742,Alex_907,full,London,Mobile,Other,Network Equipment Enterprise
U0743,David_102,partial,London,Mobile,Press,
U0744,Raj_979,partial,Delhi,Mobile,Reseller,Service Provider
U0745,Alex_233,full,Bengaluru,Desktop,Press,SAAS
U0746,Sara_356,minimal,,Desktop,Press,
U0747,Alex_212,full,Delhi,Mobile,Investor,Automotive
U0748,John_234,partial,,Mobile,Prospect,
U0749,Guest,minimal,,Desktop,Investor,
U0750,Maria_702,partial,Delhi,Desktop,Customer,
U0751,Chen_116,full,Bengaluru,Mobile,Analyst,Automotive
U0752,Guest,minimal,,Desktop,Other,
U0753,John_229,partial,Delhi,Mobile,Distributor,
U0754,Sam_638,full,Mumbai,Mobile,Analyst,Automotive
U0755,Jane_863,full,,Tablet,Partner,IT/ITES
U0756,Jane_587,partial,London,Mobile,Supplier,
U0757,Chris_896,partial,,Mobile,Investor,Wireless Industry
U0758,Chen_625,partial,,Desktop,Investor,Optical Networking
U0759,Guest,minimal,,Desktop,Competitor,
U0760,Chris_615,partial,,Mobile,Analyst,Storage Service Provider
U0761,Maria_729,full,Bengaluru,Mobile,Vendor,Data/Telecom OEM
U0762,John_844,full,London,Mobile,Competitor,
U0763,Sara_408,full,Delhi,Desktop,Distributor,IT/ITES
U0764,Chris_758,partial,,Mobile,Competitor,Data/Telecom OEM
U0765,John_162,full,Delhi,Mobile,Analyst,NBFC
U0766,Chris_967,partial,Mumbai,Tablet,Other,Network Equipment Enterprise
U0767,Sam_536,partial,London,Mobile,Reseller,Non-management ISV
U0768,Guest,minimal,,Mobile,Reseller,
U0769,Chris_175,full,Mumbai,Mobile,Supplier,
U0770,Jane_429,minimal,,Desktop,Partner,
U0771,David_251,full,Bengaluru,Mobile,Investor,BFSI
U0772,Guest,minimal,,Mobile,Distributor,
U0773,Raj_739,full,,Desktop,Investor,Data/Telecom OEM
U0774,David_661,full,,Mobile,Customer,Storage Service Provider
U0775,Chen_490,partial,,Mobile,Supplier,
U0776,David_643,full,Mumbai,Mobile,Partner,MSP (Management Service Provider)
U0777,Raj_564,full,New York,Mobile,Prospect,Data/Telecom OEM
U0778,Sara_719,partial,Bengaluru,Mobile,Vendor,
U0779,Sam_201,partial,,Mobile,Vendor,
U0780,Jane_973,partial,,Mobile,Competitor,
U0781,Sara_838,partial,Delhi,Mobile,Integrator,SAAS
U0782,Maria_540,partial,,Desktop,Analyst,Automotive
U0783,Chris_333,full,Bengaluru,Tablet,Investor,Data/Telecom OEM
U0784,Sam_447,full,New York,Desktop,Competitor,IT/ITES
U0785,Chris_508,full,New York,Desktop,Distributor,Small/Medium Enterprise
U0786,Guest,minimal,,Mobile,Investor,
U0787,Jane_420,partial,New York,Tablet,Prospect,
U0788,Sam_420,partial,,Mobile,Reseller,NBFC
U0789,Raj_483,partial,Delhi,Tablet,Partner,
U0790,Guest,minimal,,Tablet,Supplier,
U0791,Chris_168,full,Delhi,Desktop,Partner,MSP (Management Service Provider)
U0792,Jane_951,partial,London,Tablet,Reseller,
U0793,Jane_195,partial,Bengaluru,Mobile,Investor,
U0794,Sam_198,partial,New York,Mobile,Distributor,BFSI
U0795,Chen_931,full,Delhi,Mobile,Partner,Small/Medium Enterprise
U0796,Guest,minimal,,Mobile,Vendor,
U0797,Guest,minimal,,Mobile,Partner,
U0798,Sara_675,partial,,Desktop,Prospect,
U0799,Chen_786,partial,Delhi,Tablet,Analyst,
U0800,Jane_520,minimal,,Mobile,Distributor,
U0801,Chen_994,partial,,Desktop,Distributor,
U0802,Sam_988,full,London,Tablet,Other,
U0803,John_394,partial,Mumbai,Tablet,Reseller,
U0804,David_419,partial,Mumbai,Tablet,Other,
U0805,Chen_206,partial,Mumbai,Mobile,Vendor,SAAS
U0806,David_619,partial,,Tablet,Reseller,
U0807,Guest,minimal,,Desktop,Partner,
U0808,Guest,minimal,,Mobile,Reseller,
U0809,Jane_458,partial,Delhi,Mobile,Integrator,Government/Military
U0810,Sara_476,full,Delhi,Desktop,Other,Automotive
U0811,Guest,minimal,,Mobile,Partner,
U0812,Raj_687,minimal,,Desktop,Press,
U0813,Maria_926,full,Mumbai,Desktop,Customer,Government/Military
U0814,Guest,minimal,,Mobile,Customer,
U0815,Guest,minimal,,Mobile,Distributor,
U0816,David_728,partial,,Desktop,Integrator,ASP (Application Service Provider)
U0817,Sara_126,partial,Mumbai,Mobile,Prospect,Service Provider
U0818,David_773,full,London,Mobile,Analyst,Government/Military
U0819,Raj_129,full,New York,Mobile,Other,Retail Tech
U0820,Alex_379,full,Mumbai,Mobile,Press,Wireless Industry
U0821,Guest,minimal,,Tablet,Partner,
U0822,Chen_106,full,Delhi,Mobile,Integrator,ERP (Enterprise Resource Planning)
U0823,Alex_990,full,New York,Desktop,Distributor,HR Tech
U0824,Alex_679,full,London,Mobile,Supplier,Service Provider
U0825,Sam_171,partial,New York,Mobile,Other,Storage Service Provider
U0826,Guest,minimal,,Desktop,Integrator,
U0827,John_193,full,Delhi,Desktop,Other,Government/Military
U0828,Sara_320,full,,Mobile,Supplier,Retail
U0829,Sam_529,partial,,Mobile,Analyst,Network Equipment Enterprise
U0830,Chris_449,partial,Mumbai,Mobile,Analyst,
U0831,Alex_478,full,,Mobile,Prospect,Small/Medium Enterprise
U0832,Raj_838,partial,New York,Desktop,Vendor,MSP (Management Service Provider)
U0833,Chen_895,full,New York,Mobile,Customer,Small/Medium Enterprise
U0834,David_710,full,London,Mobile,Reseller,ManagementISV
U0835,Jane_153,partial,,Mobile,Competitor,NBFC
U0836,Alex_261,partial,,Tablet,Competitor,
U0837,Guest,minimal,,Tablet,Other,
U0838,Jane_378,full,Mumbai,Mobile,Supplier,Service Provider
U0839,Chris_777,partial,,Desktop,Prospect,HR Tech
U0840,Sam_597,partial,Mumbai,Mobile,Competitor,
U0841,David_552,full,Mumbai,Mobile,Reseller,MSP (Management Service Provider)
U0842,Sam_379,partial,Bengaluru,Desktop,Distributor,Small/Medium Enterprise
U0843,Maria_873,full,Bengaluru,Tablet,Competitor,Storage Equipment
U0844,Sara_216,minimal,,Tablet,Investor,
U0845,Chen_540,full,,Mobile,Partner,Systems Integrator
U0846,Jane_390,partial,Mumbai,Mobile,Prospect,Non-management ISV
U0847,David_598,full,Delhi,Desktop,Distributor,Automotive
U0848,Guest,minimal,,Mobile,Integrator,
U0849,Raj_146,partial,,Mobile,Distributor,NBFC
U0850,Maria_504,partial,New York,Mobile,Customer,
U0851,David_156,full,Mumbai,Desktop,Integrator,Large Enterprise
U0852,John_309,partial,London,Mobile,Press,
U0853,Raj_316,full,,Mobile,Partner,Retail Tech
U0854,Guest,minimal,,Tablet,Partner,
U0855,Raj_396,full,,Mobile,Partner,Network Equipment Enterprise
U0856,Chen_222,full,Mumbai,Mobile,Supplier,Small/Medium Enterprise
U0857,John_609,full,London,Mobile,Partner,Storage Equipment
U0858,Sam_279,partial,,Mobile,Other,
U0859,Alex_489,partial,London,Mobile,Partner,ASP (Application Service Provider)
U0860,Sara_820,full,London,Mobile,Reseller,Retail
U0861,Maria_612,partial,London,Desktop,Partner,ERP (Enterprise Resource Planning)
U0862,Sara_953,partial,,Mobile,Vendor,Systems Integrator
U0863,Chen_173,partial,Delhi,Tablet,Partner,
U0864,Sam_982,partial,,Mobile,Supplier,Small/Medium Enterprise
U0865,John_546,partial,,Mobile,Prospect,
U0866,John_570,partial,,Mobile,Other,
U0867,Jane_982,full,Delhi,Mobile,Supplier,Network Equipment Enterprise
U0868,Chen_689,full,Delhi,Desktop,Analyst,Service Provider
U0869,Sam_687,minimal,,Mobile,Distributor,
U0870,Guest,minimal,,Mobile,Vendor,
U0871,Sam_396,full,London,Desktop,Vendor,Large Enterprise
U0872,Jane_514,full,Mumbai,Tablet,Distributor,Non-management ISV
U0873,John_432,partial,,Desktop,Integrator,
U0874,Alex_920,partial,,Mobile,Prospect,
U0875,David_571,full,London,Desktop,Investor,Automotive
U0876,Chen_190,full,Bengaluru,Mobile,Distributor,Data/Telecom OEM
U0877,Sam_964,partial,New York,Mobile,Competitor,
U0878,Jane_349,partial,,Mobile,Investor,
U0879,Sam_703,full,Mumbai,Mobile,Partner,IT/ITES
U0880,Sam_636,full,New York,Mobile,Partner,Network Equipment Enterprise
U0881,Jane_505,full,New York,Mobile,Other,HR Tech
U0882,Raj_863,partial,,Desktop,Investor,ASP (Application Service Provider)
U0883,Chen_326,full,New York,Mobile,Competitor,Retail Tech
U0884,Chen_897,full,London,Mobile,Other,NBFC
U0885,Alex_178,partial,,Mobile,Reseller,HR Tech
U0886,Sara_748,full,Bengaluru,Tablet,Supplier,Optical Networking
U0887,Jane_643,partial,,Mobile,Integrator,
U0888,Sara_298,full,Mumbai,Mobile,Investor,Storage Equipment
U0889,Chen_459,full,London,Desktop,Prospect,Automotive
U0890,Alex_341,full,,Desktop,Partner,SAAS
U0891,Jane_249,partial,,Mobile,Partner,Optical Networking
U0892,Guest,minimal,,Desktop,Customer,
U0893,Guest,minimal,,Desktop,Supplier,
U0894,Alex_878,full,Mumbai,Desktop,Supplier,Storage Service Provider
U0895,Jane_281,partial,,Mobile,Other,ERP (Enterprise Resource Planning)
U0896,Chris_575,full,London,Desktop,Analyst,Retail Tech
U0897,David_878,full,New York,Mobile,Analyst,Small/Medium Enterprise
U0898,Guest,minimal,,Mobile,Other,
U0899,David_758,full,Mumbai,Mobile,Prospect,ASP (Application Service Provider)
U0900,David_430,full,London,Mobile,Press,
U0901,Chen_254,full,New York,Mobile,Other,Retail
U0902,Chris_169,full,Delhi,Desktop,Prospect,Storage Equipment
U0903,Chris_552,full,London,Mobile,Integrator,ASP (Application Service Provider)
U0904,Raj_915,partial,Delhi,Mobile,Partner,Systems Integrator
U0905,Raj_705,partial,,Mobile,Competitor,
U0906,John_460,minimal,,Mobile,Press,
U0907,Sara_175,minimal,,Tablet,Investor,
U0908,Raj_572,full,Mumbai,Mobile,Vendor,Network Equipment Enterprise
U0909,Chris_138,full,Mumbai,Mobile,Press,Storage Service Provider
U0910,John_477,full,Delhi,Mobile,Competitor,CPAAS
U0911,Raj_178,partial,Mumbai,Mobile,Customer,ASP (Application Service Provider)
U0912,Jane_729,full,,Mobile,Supplier,ERP (Enterprise Resource Planning)
U0913,David_619,partial,,Desktop,Partner,ERP (Enterprise Resource Planning)
U0914,Sam_573,partial,Mumbai,Tablet,Analyst,
U0915,David_667,partial,,Mobile,Prospect,
U0916,John_560,partial,,Desktop,Other,
U0917,David_767,full,,Desktop,Other,Retail Tech
U0918,Guest,minimal,,Desktop,Vendor,
U0919,David_587,partial,,Mobile,Analyst,Retail Tech
U0920,Sara_254,full,Bengaluru,Mobile,Press,Non-management ISV
U0921,Guest,minimal,,Mobile,Partner,
U0922,Jane_930,partial,Delhi,Desktop,Distributor,Government/Military
U0923,Guest,minimal,,Desktop,Prospect,
U0924,Jane_616,partial,Mumbai,Mobile,Reseller,
U0925,Alex_140,partial,,Mobile,Integrator,
U0926,Maria_824,full,Delhi,Tablet,Competitor,ManagementISV
U0927,Chris_549,full,New York,Desktop,Vendor,Service Provider
U0928,Sara_635,partial,,Tablet,Press,Optical Networking
U0929,David_262,partial,,Desktop,Supplier,Service Provider
U0930,Chen_481,full,Delhi,Mobile,Supplier,Service Provider
U0931,Raj_496,full,New York,Mobile,Investor,IT/ITES
U0932,Guest,minimal,,Desktop,Customer,
U0933,Guest,minimal,,Mobile,Supplier,
U0934,David_153,partial,New York,Mobile,Other,Storage Equipment
U0935,Chen_167,full,New York,Desktop,Press,Retail
U0936,Chen_196,full,London,Mobile,Customer,Service Provider
U0937,Sara_794,full,Mumbai,Desktop,Competitor,Automotive
U0938,Guest,minimal,,Mobile,Other,
U0939,Raj_841,full,Bengaluru,Tablet,Other,CPAAS
U0940,David_994,partial,,Mobile,Distributor,Network Equipment Enterprise
U0941,Alex_441,full,Delhi,Mobile,Reseller,Retail Tech
U0942,Jane_696,partial,Mumbai,Desktop,Press,
U0943,Alex_458,partial,,Mobile,Partner,
U0944,Guest,minimal,,Desktop,Vendor,
U0945,Sam_232,full,London,Desktop,Vendor,Storage Service Provider
U0946,David_825,full,Bengaluru,Mobile,Analyst,CPAAS
U0947,Jane_417,full,Bengaluru,Mobile,Analyst,
U0948,Sara_485,minimal,,Mobile,Integrator,
U0949,Guest,minimal,,Mobile,Investor,
U0950,Alex_786,partial,Bengaluru,Tablet,Customer,Service Provider
U0951,Sara_195,partial,,Desktop,Vendor,
U0952,Sam_620,partial,Mumbai,Desktop,Press,
U0953,Chen_118,full,New York,Desktop,Supplier,SAAS
U0954,Chen_416,minimal,,Mobile,Prospect,
U0955,Alex_319,partial,,Tablet,Investor,Storage Service Provider
U0956,Chen_884,full,,Desktop,Distributor,MSP (Management Service Provider)
U0957,Chris_296,partial,,Desktop,Supplier,CPAAS
U0958,Maria_240,full,Bengaluru,Desktop,Other,NBFC
U0959,Alex_179,full,New York,Mobile,Partner,Storage Equipment
U0960,Raj_964,partial,,Desktop,Press,HR Tech
U0961,Jane_619,full,Delhi,Mobile,Vendor,Small/Medium Enterprise
U0962,Sara_955,partial,Bengaluru,Mobile,Reseller,
U0963,Sara_138,full,London,Mobile,Investor,
U0964,Chen_997,full,Mumbai,Tablet,Investor,BFSI
U0965,David_234,full,New York,Desktop,Partner,Optical Networking
U0966,David_485,full,New York,Desktop,Supplier,ManagementISV
U0967,Alex_266,partial,Delhi,Desktop,Integrator,Data/Telecom OEM
U0968,Alex_951,full,Mumbai,Mobile,Customer,Optical Networking
U0969,David_928,partial,,Tablet,Supplier,CPAAS
U0970,Alex_838,partial,Delhi,Mobile,Customer,ManagementISV
U0971,Chris_144,partial,,Mobile,Vendor,
U0972,Guest,minimal,,Mobile,Investor,
U0973,Maria_554,partial,,Desktop,Competitor,
U0974,David_391,full,Bengaluru,Desktop,Investor,Systems Integrator
U0975,Chris_339,full,Mumbai,Mobile,Vendor,BFSI
U0976,Sara_344,full,,Mobile,Investor,ASP (Application Service Provider)
U0977,Raj_928,partial,,Desktop,Partner,
U0978,Chris_955,full,Bengaluru,Mobile,Other,Network Equipment Enterprise
U0979,Maria_476,partial,,Desktop,Partner,Network Equipment Enterprise
U0980,David_551,partial,London,Tablet,Press,Retail Tech
U0981,Chris_887,full,Delhi,Mobile,Investor,Automotive
U0982,Raj_896,partial,London,Mobile,Customer,
U0983,Sam_614,full,Bengaluru,Desktop,Prospect,SAAS
U0984,Sara_528,full,Bengaluru,Desktop,Customer,MSP (Management Service Provider)
U0985,Alex_936,partial,,Mobile,Reseller,Optical Networking
U0986,Maria_920,partial,Delhi,Tablet,Supplier,MSP (Management Service Provider)
U0987,David_241,partial,London,Mobile,Analyst,Government/Military
U0988,Raj_153,partial,,Mobile,Reseller,
U0989,Chris_995,full,Bengaluru,Desktop,Vendor,NBFC
U0990,Guest,minimal,,Desktop,Integrator,
U0991,Jane_828,partial,,Mobile,Distributor,ManagementISV
U0992,Sara_971,partial,Delhi,Desktop,Press,Small/Medium Enterprise
U0993,Jane_391,full,New York,Mobile,Press,NBFC
U0994,Jane_881,partial,Delhi,Mobile,Integrator,Optical Networking
U0995,Alex_379,full,London,Mobile,Prospect,CPAAS
U0996,Chris_625,full,New York,Desktop,Distributor,Retail
U0997,Guest,minimal,,Mobile,Other,
U0998,Sam_193,full,Delhi,Mobile,Investor,Small/Medium Enterprise
U0999,Maria_936,minimal,,Mobile,Distributor,
U1000,Chris_457,partial,,Desktop,Vendor,
